//la_spatialunit
INSERT INTO LA_SpatialUnit (suID,area,beginLifespanVersion,endLifespanVersion,beginRealWorldLifespanVersion,endRealWorldLifespanVersion,geom) VALUES
(30001,3982.16,'2000-01-01 14:37:22',NULL,'2000-01-01 0:00:00',	NULL,'010600002040710000010000000103000000010000000A00000054E3A59BBCE4F9401904560EE2641B412DB29DEF9BE2F94014AE47E18D651B414A0C022B2DE6F940068195C342661B419CC420B0A4E6F94017D9CEF71C661B4121B07268CFE7F940DD240681BE651B417B14AE47CDE7F94025068115BE651B410E2DB29D49E8F940D9CEF7D396651B41F853E3A57FE6F9404A0C022B3C651B4191ED7C3F81E6F9406DE7FBA93B651B4154E3A59BBCE4F9401904560EE2641B41'),
(30002,4519.13,'2000-01-01 8:53:09',NULL,'2000-01-01 0:00:00',	NULL,'010600002040710000010000000103000000010000001600000021B0726819EDF940560E2D32CB661B418FC2F52892EDF940DBF97EEAA4661B418FC2F52890EDF94075931884A4661B41508D976E0CEEF940EC51B81E7D661B41273108ACD8ECF9406210583940661B414C378941DAECF940621058B93F661B4175931804F0E9F9408D976E12AC651B41508D976EEEE9F9408D976E92AC651B41F4FDD47851E9F94052B81E858D651B4114AE47E122E8F9401D5A643BED651B4114AE47E120E8F940931804D6EC651B418195438B30E7F9401B2FDDA438661B416F1283C030E9F940759318049E661B41A69BC420FAE8F94006819543AF661B4123DBF97E5EE9F940C976BE1FC3661B419EEFA7C647EAF9407F6ABC7479661B41BA490C02A3ECF940FA7E6ABCF0661B411B2FDD2494ECF940C520B072F5661B41B29DEFA7F8ECF9400681954309671B4179E926312AEDF9401904568EF9661B41E17A14AEC5ECF940B4C876BEE5661B4121B0726819EDF940560E2D32CB661B41'),
(30003,2712.49,'2000-01-01 21:45:11',NULL,'2000-01-01 0:00:00',	NULL,'010600002040710000010000000103000000010000000E000000BC749318A6EDF9400C022B07E7661B4121B07268F1EFF940EE7C3F355B671B41CDCCCCCCBAEFF9405C8FC2756C671B414A0C022B1FF0F9404260E55080671B419EEFA7C655F0F940D34D62106F671B41B6F3FDD4CCF0F9407F6ABC7449671B41CDCCCCCCBCF1F9403D0AD7A3FD661B41736891EDBAF1F940C1CAA145FD661B41E926310836F2F94039B4C8F6D5661B41736891ED08F1F940E5D0225B9A661B41D34D62106CF0F940CDCCCC4C7B661B413BDF4F8D6DF0F940B6F3FDD47A661B41CFF753E389EFF940295C8FC24D661B41BC749318A6EDF9400C022B07E7661B41'),
(30004,5305.68,'2000-01-01 11:15:45',NULL,'2000-01-01 0:00:00',	NULL,'010600002040710000010000000103000000010000000F00000062105839B2E9F94096438B6C8C641B414E6210584DEBF940C1CAA1450B641B41A8C64B374BEBF9402B8716D90A641B4191ED7C3FC5EBF9403F355E3AE3631B417593180492EAF940448B6C67A6631B41560E2DB293EAF9405A643BDFA5631B41BA490C0265E9F940AC1C5AE469631B4121B072686DE8F94000000000B8631B418716D9CE2BE5F940D122DBF9BE641B41D9CEF753F1E6F940D578E9A618651B41736891EDF2E6F940D578E92618651B41355EBA4990E7F940C1CAA14537651B41B072689183E8F940D122DB79EA641B41B072689185E8F9405A643BDFEA641B4162105839B2E9F94096438B6C8C641B41'),
(30005,3554.08,'2000-01-01 2:18:33',NULL,'2000-01-01 0:00:00',	NULL,'010600002040710000010000000103000000010000000F0000005EBA490C3EEEF94048E17A14D3651B4117D9CEF77FEEF940D7A3703DBE651B418B6CE7FB81EEF94060E5D0A2BE651B41AE47E17AFAEEF9405EBA498C98651B4125068195CDEDF940CFF753E35C651B41FED478E93CEAF94096438BECA7641B412B8716D94CE9F940EC51B89EF3641B41A01A2FDD4EE9F94075931804F4641B41AAF1D24DD2E8F9401283C04A1B651B4196438B6C05EAF940560E2D3258651B412DB29DEF03EAF9404A0C02AB58651B4100000000EEECF940DD240681EC651B416891ED7CEFECF940E9263108EC651B4154E3A59B8CEDF9406DE7FB290B661B415EBA490C3EEEF94048E17A14D3651B41'),
(30006,2008.37,'2000-01-01 17:02:48',NULL,'2000-01-01 0:00:00',	NULL,'010600002040710000010000000103000000010000000A00000048E17A14BCF1F9401D5A643BC8651B41508D976E3AF0F940508D97EE7B651B415A643BDFCBEEF940E17A142EEF651B418195438BDCF0F94096438BEC57661B41D7A3703DDEF0F940CFF7536357661B41022B87167BF1F940FED4786976661B41355EBA49E6F2F9403BDF4F0D04661B412506819549F2F9405EBA490CE5651B41BE9F1A2F4BF2F9405EBA498CE4651B4148E17A14BCF1F9401D5A643BC8651B41'),
(30007,3975.62,'2000-01-01 4:50:09',NULL,'2000-01-01 0:00:00',	NULL,'010600002040710000010000000103000000010000000A00000048E17A14A4EFF9403BDF4F0D2D641B412B8716D906EFF940FED478E90D641B419318045608EFF940E7FBA9710D641B414E62105843EDF940621058B9B3631B4196438B6C23EBF940FA7E6A3C5F641B41E9263108B4EEF940C976BE1F14651B411F85EB5156F0F9408195430B90641B41C520B07254F0F940273108AC8F641B41F2D24D62D0F0F940E926318868641B4148E17A14A4EFF9403BDF4F0D2D641B41'),
(30008,4430.72,'2000-01-01 19:33:24',NULL,'2000-01-01 0:00:00',	NULL,'0106000020407100000100000001030000000100000011000000E3A59BC47EEAF940FED478E911631B41D122DBF912EAF940FED478E933631B41C1CAA14546EBF940D7A370BD70631B41C520B072C2EBF94046B6F37D49631B4139B4C876C4EBF940AC1C5AE449631B41CBA145B6F9EBF940022B871639631B4154E3A59B78EFF9401283C04AEA631B41BC7493187AEFF9401F85EBD1E9631B4114AE47E116F0F9407D3F35DE08641B4196438B6C17F1F94000000000B8631B412506819581F1F940A4703D8A96631B41A8C64B37E7F0F940F4FDD4F877631B4154E3A59BE8F0F940E926318877631B419318045630ECF94091ED7C3F88621B41F853E3A58DEAF9404260E5500C631B4121B072688FEAF9406DE7FBA90C631B41E3A59BC47EEAF940FED478E911631B41'),
(30009,4632.07,'2000-01-01 8:05:16',NULL,'2000-01-01 0:00:00',	NULL,'01060000204071000001000000010300000001000000090000007D3F355E3EF3F9404C3789C1EE631B41E5D022DBC1F2F9400AD7A3F015641B4162105839C0F2F9400E2DB29D15641B418D976E12F3EFF9404A0C02ABF7641B41AE47E17AA2F2F940D34D62907F651B419A9999996FF5F940666666669D641B41BC7493186EF5F94077BE9F1A9D641B41EE7C3F35EAF5F940894160E575641B417D3F355E3EF3F9404C3789C1EE631B41'),
(30010,12011.04,'2000-01-01 23:44:01',NULL,'2000-01-01 0:00:00',NULL,'0106000020407100000100000001030000000100000027000000D9CEF75377EFF940713D0A57B5671B41894160E5BAEFF94000000000A0671B414A0C022B1FF0F9404260E55080671B41CDCCCCCCBAEFF9405C8FC2756C671B4121B07268F1EFF940EE7C3F355B671B41BC749318A6EDF9400C022B07E7661B4121B0726819EDF940560E2D32CB661B41E17A14AEC5ECF940B4C876BEE5661B4179E926312AEDF9401904568EF9661B41B29DEFA7F8ECF9400681954309671B411B2FDD2494ECF940C520B072F5661B41BA490C02A3ECF940FA7E6ABCF0661B419EEFA7C647EAF9407F6ABC7479661B4123DBF97E5EE9F940C976BE1FC3661B41A69BC420FAE8F94006819543AF661B416F1283C030E9F940759318049E661B418195438B30E7F9401B2FDDA438661B419CC420B0A4E6F94017D9CEF71C661B414A0C022B2DE6F940068195C342661B412DB29DEF9BE2F94014AE47E18D651B4154E3A59BBCE4F9401904560EE2641B418716D9CE2BE5F940D122DBF9BE641B4121B072686DE8F94000000000B8631B41BA490C0265E9F940AC1C5AE469631B41D122DBF912EAF940FED478E933631B41E3A59BC47EEAF940FED478E911631B4175931804AEE9F940D7A370BDE8621B41AC1C5A642FE9F940E3A59BC4CF621B4191ED7C3FCFE8F9403D0AD723ED621B41F2D24D625CE6F940F853E3A5AC631B411D5A643B37E6F94000000000B8631B416DE7FBA9F3E4F94008AC1CDA1A641B41448B6CE731E1F94004560EAD40651B410E2DB29D9DE0F940AE47E1FA6D651B41AE47E17AB4DFF940F6285C8F67651B41295C8FC215E5F940A4703D0A5D661B410AD7A37005E8F94085EB51B8C0661B41B81E85EBF1ECF9409A99999963671B41D9CEF75377EFF940713D0A57B5671B41'),
(30011,5599.65,'2000-01-01 13:09:42',NULL,'2000-01-01 0:00:00',	NULL,'010600002040710000010000000103000000010000002E0000005A643BDFCBEEF940E17A142EEF651B415EBA490C3EEEF94048E17A14D3651B4154E3A59B8CEDF9406DE7FB290B661B416891ED7CEFECF940E9263108EC651B4100000000EEECF940DD240681EC651B412DB29DEF03EAF9404A0C02AB58651B4196438B6C05EAF940560E2D3258651B41AAF1D24DD2E8F9401283C04A1B651B41A01A2FDD4EE9F94075931804F4641B412B8716D94CE9F940EC51B89EF3641B41FED478E93CEAF94096438BECA7641B4162105839B2E9F94096438B6C8C641B41B072689185E8F9405A643BDFEA641B41B072689183E8F940D122DB79EA641B41355EBA4990E7F940C1CAA14537651B41736891EDF2E6F940D578E92618651B41D9CEF753F1E6F940D578E9A618651B418716D9CE2BE5F940D122DBF9BE641B4154E3A59BBCE4F9401904560EE2641B4191ED7C3F81E6F9406DE7FBA93B651B41F853E3A57FE6F9404A0C022B3C651B410E2DB29D49E8F940D9CEF7D396651B417B14AE47CDE7F94025068115BE651B4121B07268CFE7F940DD240681BE651B419CC420B0A4E6F94017D9CEF71C661B418195438B30E7F9401B2FDDA438661B4114AE47E120E8F940931804D6EC651B4114AE47E122E8F9401D5A643BED651B41F4FDD47851E9F94052B81E858D651B41508D976EEEE9F9408D976E92AC651B4175931804F0E9F9408D976E12AC651B414C378941DAECF940621058B93F661B41273108ACD8ECF9406210583940661B41508D976E0CEEF940EC51B81E7D661B418FC2F52890EDF94075931884A4661B418FC2F52892EDF940DBF97EEAA4661B4121B0726819EDF940560E2D32CB661B41BC749318A6EDF9400C022B07E7661B41CFF753E389EFF940295C8FC24D661B413BDF4F8D6DF0F940B6F3FDD47A661B41D34D62106CF0F940CDCCCC4C7B661B41736891ED08F1F940E5D0225B9A661B41022B87167BF1F940FED4786976661B41D7A3703DDEF0F940CFF7536357661B418195438BDCF0F94096438BEC57661B415A643BDFCBEEF940E17A142EEF651B41'),
(30012,4510.53,'2000-01-01 7:51:55',NULL,'2000-01-01 0:00:00',	NULL,'0106000020407100000100000001030000000100000018000000FED478E93CEAF94096438BECA7641B4125068195CDEDF940CFF753E35C651B41E9263108B4EEF940C976BE1F14651B4196438B6C23EBF940FA7E6A3C5F641B414E62105843EDF940621058B9B3631B419318045608EFF940E7FBA9710D641B412B8716D906EFF940FED478E90D641B4148E17A14A4EFF9403BDF4F0D2D641B4114AE47E116F0F9407D3F35DE08641B41BC7493187AEFF9401F85EBD1E9631B4154E3A59B78EFF9401283C04AEA631B41CBA145B6F9EBF940022B871639631B4139B4C876C4EBF940AC1C5AE449631B41C520B072C2EBF94046B6F37D49631B41C1CAA14546EBF940D7A370BD70631B41D122DBF912EAF940FED478E933631B41BA490C0265E9F940AC1C5AE469631B41560E2DB293EAF9405A643BDFA5631B417593180492EAF940448B6C67A6631B4191ED7C3FC5EBF9403F355E3AE3631B41A8C64B374BEBF9402B8716D90A641B414E6210584DEBF940C1CAA1450B641B4162105839B2E9F94096438B6C8C641B41FED478E93CEAF94096438BECA7641B41'),
(30013,4486.4,'2000-01-01 16:27:39',NULL,'2000-01-01 0:00:00',NULL,'010600002040710000010000000103000000010000001700000048E17A14BCF1F9401D5A643BC8651B41AE47E17AA2F2F940D34D62907F651B418D976E12F3EFF9404A0C02ABF7641B4162105839C0F2F9400E2DB29D15641B41E5D022DBC1F2F9400AD7A3F015641B417D3F355E3EF3F9404C3789C1EE631B41355EBA492AF2F94000000000B8631B412506819581F1F940A4703D8A96631B4196438B6C17F1F94000000000B8631B4114AE47E116F0F9407D3F35DE08641B4148E17A14A4EFF9403BDF4F0D2D641B41F2D24D62D0F0F940E926318868641B41C520B07254F0F940273108AC8F641B411F85EB5156F0F9408195430B90641B41E9263108B4EEF940C976BE1F14651B4125068195CDEDF940CFF753E35C651B41AE47E17AFAEEF9405EBA498C98651B418B6CE7FB81EEF94060E5D0A2BE651B4117D9CEF77FEEF940D7A3703DBE651B415EBA490C3EEEF94048E17A14D3651B415A643BDFCBEEF940E17A142EEF651B41508D976E3AF0F940508D97EE7B651B4148E17A14BCF1F9401D5A643BC8651B41')

//extaddress_suid_relation
INSERT INTO extaddress_suid_relation (extaddressid, suid, suid_geom)
VALUES 
(50001, 30001, '010600002040710000010000000103000000010000000A00000054E3A59BBCE4F9401904560EE2641B412DB29DEF9BE2F94014AE47E18D651B414A0C022B2DE6F940068195C342661B419CC420B0A4E6F94017D9CEF71C661B4121B07268CFE7F940DD240681BE651B417B14AE47CDE7F94025068115BE651B410E2DB29D49E8F940D9CEF7D396651B41F853E3A57FE6F9404A0C022B3C651B4191ED7C3F81E6F9406DE7FBA93B651B4154E3A59BBCE4F9401904560EE2641B41'),
(50001, 30002, '010600002040710000010000000103000000010000001600000021B0726819EDF940560E2D32CB661B418FC2F52892EDF940DBF97EEAA4661B418FC2F52890EDF94075931884A4661B41508D976E0CEEF940EC51B81E7D661B41273108ACD8ECF9406210583940661B414C378941DAECF940621058B93F661B4175931804F0E9F9408D976E12AC651B41508D976EEEE9F9408D976E92AC651B41F4FDD47851E9F94052B81E858D651B4114AE47E122E8F9401D5A643BED651B4114AE47E120E8F940931804D6EC651B418195438B30E7F9401B2FDDA438661B416F1283C030E9F940759318049E661B41A69BC420FAE8F94006819543AF661B4123DBF97E5EE9F940C976BE1FC3661B419EEFA7C647EAF9407F6ABC7479661B41BA490C02A3ECF940FA7E6ABCF0661B411B2FDD2494ECF940C520B072F5661B41B29DEFA7F8ECF9400681954309671B4179E926312AEDF9401904568EF9661B41E17A14AEC5ECF940B4C876BEE5661B4121B0726819EDF940560E2D32CB661B41'),
(50001, 30003, '010600002040710000010000000103000000010000000E000000BC749318A6EDF9400C022B07E7661B4121B07268F1EFF940EE7C3F355B671B41CDCCCCCCBAEFF9405C8FC2756C671B414A0C022B1FF0F9404260E55080671B419EEFA7C655F0F940D34D62106F671B41B6F3FDD4CCF0F9407F6ABC7449671B41CDCCCCCCBCF1F9403D0AD7A3FD661B41736891EDBAF1F940C1CAA145FD661B41E926310836F2F94039B4C8F6D5661B41736891ED08F1F940E5D0225B9A661B41D34D62106CF0F940CDCCCC4C7B661B413BDF4F8D6DF0F940B6F3FDD47A661B41CFF753E389EFF940295C8FC24D661B41BC749318A6EDF9400C022B07E7661B41'),
(50001, 30004, '010600002040710000010000000103000000010000000F00000062105839B2E9F94096438B6C8C641B414E6210584DEBF940C1CAA1450B641B41A8C64B374BEBF9402B8716D90A641B4191ED7C3FC5EBF9403F355E3AE3631B417593180492EAF940448B6C67A6631B41560E2DB293EAF9405A643BDFA5631B41BA490C0265E9F940AC1C5AE469631B4121B072686DE8F94000000000B8631B418716D9CE2BE5F940D122DBF9BE641B41D9CEF753F1E6F940D578E9A618651B41736891EDF2E6F940D578E92618651B41355EBA4990E7F940C1CAA14537651B41B072689183E8F940D122DB79EA641B41B072689185E8F9405A643BDFEA641B4162105839B2E9F94096438B6C8C641B41'),
(50001, 30005, '010600002040710000010000000103000000010000000F0000005EBA490C3EEEF94048E17A14D3651B4117D9CEF77FEEF940D7A3703DBE651B418B6CE7FB81EEF94060E5D0A2BE651B41AE47E17AFAEEF9405EBA498C98651B4125068195CDEDF940CFF753E35C651B41FED478E93CEAF94096438BECA7641B412B8716D94CE9F940EC51B89EF3641B41A01A2FDD4EE9F94075931804F4641B41AAF1D24DD2E8F9401283C04A1B651B4196438B6C05EAF940560E2D3258651B412DB29DEF03EAF9404A0C02AB58651B4100000000EEECF940DD240681EC651B416891ED7CEFECF940E9263108EC651B4154E3A59B8CEDF9406DE7FB290B661B415EBA490C3EEEF94048E17A14D3651B41'),
(50002, 30006, '010600002040710000010000000103000000010000000A00000048E17A14BCF1F9401D5A643BC8651B41508D976E3AF0F940508D97EE7B651B415A643BDFCBEEF940E17A142EEF651B418195438BDCF0F94096438BEC57661B41D7A3703DDEF0F940CFF7536357661B41022B87167BF1F940FED4786976661B41355EBA49E6F2F9403BDF4F0D04661B412506819549F2F9405EBA490CE5651B41BE9F1A2F4BF2F9405EBA498CE4651B4148E17A14BCF1F9401D5A643BC8651B41'),
(50002, 30007, '010600002040710000010000000103000000010000000A00000048E17A14A4EFF9403BDF4F0D2D641B412B8716D906EFF940FED478E90D641B419318045608EFF940E7FBA9710D641B414E62105843EDF940621058B9B3631B4196438B6C23EBF940FA7E6A3C5F641B41E9263108B4EEF940C976BE1F14651B411F85EB5156F0F9408195430B90641B41C520B07254F0F940273108AC8F641B41F2D24D62D0F0F940E926318868641B4148E17A14A4EFF9403BDF4F0D2D641B41'),
(50002, 30008, '0106000020407100000100000001030000000100000011000000E3A59BC47EEAF940FED478E911631B41D122DBF912EAF940FED478E933631B41C1CAA14546EBF940D7A370BD70631B41C520B072C2EBF94046B6F37D49631B4139B4C876C4EBF940AC1C5AE449631B41CBA145B6F9EBF940022B871639631B4154E3A59B78EFF9401283C04AEA631B41BC7493187AEFF9401F85EBD1E9631B4114AE47E116F0F9407D3F35DE08641B4196438B6C17F1F94000000000B8631B412506819581F1F940A4703D8A96631B41A8C64B37E7F0F940F4FDD4F877631B4154E3A59BE8F0F940E926318877631B419318045630ECF94091ED7C3F88621B41F853E3A58DEAF9404260E5500C631B4121B072688FEAF9406DE7FBA90C631B41E3A59BC47EEAF940FED478E911631B41'),
(50002, 30009, '01060000204071000001000000010300000001000000090000007D3F355E3EF3F9404C3789C1EE631B41E5D022DBC1F2F9400AD7A3F015641B4162105839C0F2F9400E2DB29D15641B418D976E12F3EFF9404A0C02ABF7641B41AE47E17AA2F2F940D34D62907F651B419A9999996FF5F940666666669D641B41BC7493186EF5F94077BE9F1A9D641B41EE7C3F35EAF5F940894160E575641B417D3F355E3EF3F9404C3789C1EE631B41'),
(50001, 30010, '0106000020407100000100000001030000000100000027000000D9CEF75377EFF940713D0A57B5671B41894160E5BAEFF94000000000A0671B414A0C022B1FF0F9404260E55080671B41CDCCCCCCBAEFF9405C8FC2756C671B4121B07268F1EFF940EE7C3F355B671B41BC749318A6EDF9400C022B07E7661B4121B0726819EDF940560E2D32CB661B41E17A14AEC5ECF940B4C876BEE5661B4179E926312AEDF9401904568EF9661B41B29DEFA7F8ECF9400681954309671B411B2FDD2494ECF940C520B072F5661B41BA490C02A3ECF940FA7E6ABCF0661B419EEFA7C647EAF9407F6ABC7479661B4123DBF97E5EE9F940C976BE1FC3661B41A69BC420FAE8F94006819543AF661B416F1283C030E9F940759318049E661B418195438B30E7F9401B2FDDA438661B419CC420B0A4E6F94017D9CEF71C661B414A0C022B2DE6F940068195C342661B412DB29DEF9BE2F94014AE47E18D651B4154E3A59BBCE4F9401904560EE2641B418716D9CE2BE5F940D122DBF9BE641B4121B072686DE8F94000000000B8631B41BA490C0265E9F940AC1C5AE469631B41D122DBF912EAF940FED478E933631B41E3A59BC47EEAF940FED478E911631B4175931804AEE9F940D7A370BDE8621B41AC1C5A642FE9F940E3A59BC4CF621B4191ED7C3FCFE8F9403D0AD723ED621B41F2D24D625CE6F940F853E3A5AC631B411D5A643B37E6F94000000000B8631B416DE7FBA9F3E4F94008AC1CDA1A641B41448B6CE731E1F94004560EAD40651B410E2DB29D9DE0F940AE47E1FA6D651B41AE47E17AB4DFF940F6285C8F67651B41295C8FC215E5F940A4703D0A5D661B410AD7A37005E8F94085EB51B8C0661B41B81E85EBF1ECF9409A99999963671B41D9CEF75377EFF940713D0A57B5671B41'),
(50001, 30011, '010600002040710000010000000103000000010000002E0000005A643BDFCBEEF940E17A142EEF651B415EBA490C3EEEF94048E17A14D3651B4154E3A59B8CEDF9406DE7FB290B661B416891ED7CEFECF940E9263108EC651B4100000000EEECF940DD240681EC651B412DB29DEF03EAF9404A0C02AB58651B4196438B6C05EAF940560E2D3258651B41AAF1D24DD2E8F9401283C04A1B651B41A01A2FDD4EE9F94075931804F4641B412B8716D94CE9F940EC51B89EF3641B41FED478E93CEAF94096438BECA7641B4162105839B2E9F94096438B6C8C641B41B072689185E8F9405A643BDFEA641B41B072689183E8F940D122DB79EA641B41355EBA4990E7F940C1CAA14537651B41736891EDF2E6F940D578E92618651B41D9CEF753F1E6F940D578E9A618651B418716D9CE2BE5F940D122DBF9BE641B4154E3A59BBCE4F9401904560EE2641B4191ED7C3F81E6F9406DE7FBA93B651B41F853E3A57FE6F9404A0C022B3C651B410E2DB29D49E8F940D9CEF7D396651B417B14AE47CDE7F94025068115BE651B4121B07268CFE7F940DD240681BE651B419CC420B0A4E6F94017D9CEF71C661B418195438B30E7F9401B2FDDA438661B4114AE47E120E8F940931804D6EC651B4114AE47E122E8F9401D5A643BED651B41F4FDD47851E9F94052B81E858D651B41508D976EEEE9F9408D976E92AC651B4175931804F0E9F9408D976E12AC651B414C378941DAECF940621058B93F661B41273108ACD8ECF9406210583940661B41508D976E0CEEF940EC51B81E7D661B418FC2F52890EDF94075931884A4661B418FC2F52892EDF940DBF97EEAA4661B4121B0726819EDF940560E2D32CB661B41BC749318A6EDF9400C022B07E7661B41CFF753E389EFF940295C8FC24D661B413BDF4F8D6DF0F940B6F3FDD47A661B41D34D62106CF0F940CDCCCC4C7B661B41736891ED08F1F940E5D0225B9A661B41022B87167BF1F940FED4786976661B41D7A3703DDEF0F940CFF7536357661B418195438BDCF0F94096438BEC57661B415A643BDFCBEEF940E17A142EEF651B41'),
(50002, 30012, '0106000020407100000100000001030000000100000018000000FED478E93CEAF94096438BECA7641B4125068195CDEDF940CFF753E35C651B41E9263108B4EEF940C976BE1F14651B4196438B6C23EBF940FA7E6A3C5F641B414E62105843EDF940621058B9B3631B419318045608EFF940E7FBA9710D641B412B8716D906EFF940FED478E90D641B4148E17A14A4EFF9403BDF4F0D2D641B4114AE47E116F0F9407D3F35DE08641B41BC7493187AEFF9401F85EBD1E9631B4154E3A59B78EFF9401283C04AEA631B41CBA145B6F9EBF940022B871639631B4139B4C876C4EBF940AC1C5AE449631B41C520B072C2EBF94046B6F37D49631B41C1CAA14546EBF940D7A370BD70631B41D122DBF912EAF940FED478E933631B41BA490C0265E9F940AC1C5AE469631B41560E2DB293EAF9405A643BDFA5631B417593180492EAF940448B6C67A6631B4191ED7C3FC5EBF9403F355E3AE3631B41A8C64B374BEBF9402B8716D90A641B414E6210584DEBF940C1CAA1450B641B4162105839B2E9F94096438B6C8C641B41FED478E93CEAF94096438BECA7641B41'),
(50002, 30013, '010600002040710000010000000103000000010000001700000048E17A14BCF1F9401D5A643BC8651B41AE47E17AA2F2F940D34D62907F651B418D976E12F3EFF9404A0C02ABF7641B4162105839C0F2F9400E2DB29D15641B41E5D022DBC1F2F9400AD7A3F015641B417D3F355E3EF3F9404C3789C1EE631B41355EBA492AF2F94000000000B8631B412506819581F1F940A4703D8A96631B4196438B6C17F1F94000000000B8631B4114AE47E116F0F9407D3F35DE08641B4148E17A14A4EFF9403BDF4F0D2D641B41F2D24D62D0F0F940E926318868641B41C520B07254F0F940273108AC8F641B411F85EB5156F0F9408195430B90641B41E9263108B4EEF940C976BE1F14651B4125068195CDEDF940CFF753E35C651B41AE47E17AFAEEF9405EBA498C98651B418B6CE7FB81EEF94060E5D0A2BE651B4117D9CEF77FEEF940D7A3703DBE651B415EBA490C3EEEF94048E17A14D3651B415A643BDFCBEEF940E17A142EEF651B41508D976E3AF0F940508D97EE7B651B4148E17A14BCF1F9401D5A643BC8651B41')

//Extparty
INSERT INTO extparty (extpid, extaddressid, birthday, name, begindate, enddate)
VALUES
(110001, 50001, '1970-05-15', 'M1', '2000-01-01', NULL),
(110002, 50001, '1971-09-23', 'F1', '2000-01-01', NULL),
(110003, 50001, '1972-03-12', 'F2', '2000-01-01', NULL),
(110004, 50001, '1973-07-08', 'M2', '2000-01-01', NULL),
(110005, 50002, '1974-02-28', 'M3', '2000-01-01', NULL),
(110006, 50002, '1975-10-10', 'F3', '2000-01-01', NULL),
(110007, 50002, '1976-11-20', 'M4', '2000-01-01', NULL),
(110008, 50002, '1977-06-05', 'F4', '2000-01-01', NULL),
(110010, 50001, '1950-12-01', 'M5', '2000-01-01', NULL),
(110011, 50001, '1955-08-02', 'M6', '2000-01-01', NULL),
(110012, 50001, '1978-09-10', 'M7', '2000-01-01', NULL),
(110013, 50001, '1980-04-23', 'F5', '2000-01-01', NULL),
(110014, 50001, '1979-07-14', 'M8', '2000-01-01', NULL),
(110015, 50001, '1982-02-17', 'F6', '2000-01-01', NULL),
(110016, 50002, '1965-11-30', 'M9', '2000-01-01', NULL),
(110017, 50002, '1970-08-25', 'F7', '2000-01-01', NULL),
(110018, 50002, '1969-01-11', 'M10', '2000-01-01', NULL),
(110020, 50002, '1966-06-14', 'F8', '2000-01-01', NULL),
(110021, 50002, '1985-03-19', 'M11', '2000-01-01', NULL),
(110022, 50002, '1983-12-03', 'F9', '2000-01-01', NULL),
(110024, 50003, '1982-04-02', 'M12', '2000-01-01', NULL),
(110025, 50003, '1983-09-15', 'F11', '2000-01-01', NULL);

//LA_Party
INSERT INTO LA_Party (pid, extPID, name, humanSex, p_type, beginLifespanVersion, endLifespanVersion, beginRealWorldLifespanVersion, endRealWorldLifespanVersion) VALUES
(10001, 110001, 'M1', 1, 1, '2000-01-01 14:37:22', NULL, '2000-01-01 00:00:00', NULL),
(10002, 110002, 'F1', 2, 1, '2000-01-01 08:53:09', NULL, '2000-01-01 00:00:00', NULL),
(10003, 110003, 'F2', 2, 1, '2000-01-01 21:45:11', NULL, '2000-01-01 00:00:00', NULL),
(10004, 110004, 'M2', 1, 1, '2000-01-01 02:18:33', NULL, '2000-01-01 00:00:00', NULL),
(10005, 110005, 'M3', 1, 1, '2000-01-01 17:02:48', NULL, '2000-01-01 00:00:00', NULL),
(10006, 110006, 'F3', 2, 1, '2000-01-01 04:50:09', NULL, '2000-01-01 00:00:00', NULL),
(10007, 110007, 'M4', 1, 1, '2000-01-01 19:33:24', NULL, '2000-01-01 00:00:00', NULL),
(10008, 110008, 'F4', 2, 1, '2000-01-01 08:05:16', NULL, '2000-01-01 00:00:00', NULL),
(10009, NULL, 'G1', 9, 2, '2000-01-01 07:51:55', NULL, '2000-01-01 00:00:00', NULL);

//la_right
INSERT INTO LA_Right (rID, r_type, suID, pID, share, shareCheck, timeSpec, beginLifespanVersion, endLifespanVersion, beginRealWorldLifespanVersion, endRealWorldLifespanVersion)
VALUES
(20001, 11, 30001, 10001, '(1,1)', TRUE, NULL, '2000-01-01 14:37:22', NULL, '2000-01-01 00:00:00', NULL),
(20002, 11, 30002, 10002, '(1,1)', TRUE, NULL, '2000-01-01 08:53:09', NULL, '2000-01-01 00:00:00', NULL),
(20003, 11, 30003, 10003, '(1,1)', TRUE, NULL, '2000-01-01 21:45:11', NULL, '2000-01-01 00:00:00', NULL),
(20004, 11, 30004, 10004, '(1,1)', TRUE, NULL, '2000-01-01 11:15:45', NULL, '2000-01-01 00:00:00', NULL),
(20005, 11, 30005, 10004, '(1,1)', TRUE, NULL, '2000-01-01 02:18:33', NULL, '2000-01-01 00:00:00', NULL),
(20006, 11, 30006, 10005, '(1,1)', TRUE, NULL, '2000-01-01 17:02:48', NULL, '2000-01-01 00:00:00', NULL),
(20007, 11, 30007, 10006, '(1,1)', TRUE, NULL, '2000-01-01 04:50:09', NULL, '2000-01-01 00:00:00', NULL),
(20008, 11, 30008, 10007, '(1,1)', TRUE, NULL, '2000-01-01 19:33:24', NULL, '2000-01-01 00:00:00', NULL),
(20009, 11, 30009, 10008, '(1,1)', TRUE, NULL, '2000-01-01 08:05:16', NULL, '2000-01-01 00:00:00', NULL),
(20010, 11, 30010, 10009, '(1,1)', TRUE, NULL, '2000-01-01 23:44:01', NULL, '2000-01-01 00:00:00', NULL),
(20011, 11, 30011, 10009, '(1,1)', TRUE, NULL, '2000-01-01 13:09:42', NULL, '2000-01-01 00:00:00', NULL),
(20012, 11, 30012, 10009, '(1,1)', TRUE, NULL, '2000-01-01 07:51:55', NULL, '2000-01-01 00:00:00', NULL),
(20013, 11, 30013, 10009, '(1,1)', TRUE, NULL, '2000-01-01 16:27:39', NULL, '2000-01-01 00:00:00', NULL);

//la_administrativesource
INSERT INTO LA_AdministrativeSource (asid, text, as_type, rid, suid, pid, acceptance, lifeSpanStamp)
VALUES 
(40001, 'Ownership Title Document', 5, 20001, 30001, 10001, '2000-01-01 00:00:00', '2000-01-01 14:37:22'),
(40002, 'Ownership Title Document', 5, 20002, 30002, 10002, '2000-01-01 00:00:00', '2000-01-01 08:53:09'),
(40003, 'Ownership Title Document', 5, 20003, 30003, 10003, '2000-01-01 00:00:00', '2000-01-01 21:45:11'),
(40004, 'Ownership Title Document', 5, 20004, 30004, 10004, '2000-01-01 00:00:00', '2000-01-01 11:15:45'),
(40005, 'Ownership Title Document', 5, 20005, 30005, 10004, '2000-01-01 00:00:00', '2000-01-01 02:18:33'),
(40006, 'Ownership Title Document', 5, 20006, 30006, 10005, '2000-01-01 00:00:00', '2000-01-01 17:02:48'),
(40007, 'Ownership Title Document', 5, 20007, 30007, 10006, '2000-01-01 00:00:00', '2000-01-01 04:50:09'),
(40008, 'Ownership Title Document', 5, 20008, 30008, 10007, '2000-01-01 00:00:00', '2000-01-01 19:33:24'),
(40009, 'Ownership Title Document', 5, 20009, 30009, 10008, '2000-01-01 00:00:00', '2000-01-01 08:05:16'),
(40010, 'Ownership Title Document', 5, 20010, 30010, 10009, '2000-01-01 00:00:00', '2000-01-01 23:44:01'),
(40011, 'Ownership Title Document', 5, 20011, 30011, 10009, '2000-01-01 00:00:00', '2000-01-01 13:09:42'),
(40012, 'Ownership Title Document', 5, 20012, 30012, 10009, '2000-01-01 00:00:00', '2000-01-01 07:51:55'),
(40013, 'Ownership Title Document', 5, 20013, 30013, 10009, '2000-01-01 00:00:00', '2000-01-01 16:27:39');

//extsecurelandrightsquestionnaire
INSERT INTO extsecurelandrightsquestionnaire (eslrq_id, selfperception, name, extpid, begindate, enddate)
VALUES 
(60001, 1, 'M1', 110001, '2000-01-01', NULL),
(60002, 1, 'F1', 110002, '2000-01-01', NULL),
(60003, 1, 'F2', 110003, '2000-01-01', NULL),
(60004, 1, 'M2', 110004, '2000-01-01', NULL),
(60005, 1, 'M3', 110005, '2000-01-01', NULL),
(60006, 1, 'F3', 110006, '2000-01-01', NULL),
(60007, 1, 'M4', 110007, '2000-01-01', NULL),
(60008, 1, 'F4', 110008, '2000-01-01', NULL),
(60009, 0, 'M5', 110009, '2000-01-01', NULL),
(60010, 0, 'M6', 110010, '2000-01-01', NULL);

//test_area
CREATE TABLE test_area (
    id SERIAL PRIMARY KEY,
    geom geometry
);
INSERT INTO test_area (geom)
SELECT ST_Union(suid_geom)
FROM extaddress_suid_relation;

INSERT INTO test_area (geom)
SELECT ST_Union(suid_geom)
FROM extaddress_suid_relation
Where extaddressid = 50001;

INSERT INTO test_area (geom)
SELECT ST_Union(suid_geom)
FROM extaddress_suid_relation
Where extaddressid = 50002;

//Report
CREATE OR REPLACE VIEW SDG_1_4_2_Report_View_2000_all AS
WITH report_data AS (
    SELECT *
    FROM SDG_1_4_2_Report('2000-01-01 00:00:00', '2001-01-01 00:00:00', (SELECT geom FROM test_area WHERE id = 1))
)
SELECT 
    report_begindate,
    report_enddate,
    report_region,
    report_category,
    CASE
        WHEN report_category = 'gender' THEN hst.hst_description
        WHEN report_category = 'tenure_type' THEN rt.rt_description
        ELSE report_subcategory
    END AS report_subcategory,
    report_totalAdultsCount,
    report_proportionPerceivingSecurity,
    report_proportionWithLegalDocumentation
FROM 
    report_data r
LEFT JOIN 
    la_humansexestype hst ON CAST(hst.hst_id AS TEXT) = r.report_subcategory AND r.report_category = 'gender'
LEFT JOIN 
    la_righttype rt ON CAST(rt.rt_id AS TEXT) = r.report_subcategory AND r.report_category = 'tenure_type';

SELECT * FROM SDG_1_4_2_Report_View_2000_all;


